GSE,GSE_Title,GSE_Pubmed_ID,GSE_Last_Update_Date,GSE_Release_Date,GSE_URL,single_cell_key,single_cell_key_word
GSE149871,['Epigenetic profiling of neuronal and non-neuronal signal in major depressive disorder'],['40516534'],['2025-07-09'],['2025-06-29'],"['ftp://ftp.ncbi.nlm.nih.gov/geo/series/GSE149nnn/GSE149871/suppl/GSE149871_RAW.tar', 'ftp://ftp.ncbi.nlm.nih.gov/geo/series/GSE149nnn/GSE149871/suppl/GSE149871_count_matrix_cpm_filtered_hg19.tsv.gz', 'ftp://ftp.ncbi.nlm.nih.gov/geo/series/GSE149nnn/GSE149871/suppl/GSE149871_peaks_description_hg19.tsv.gz', 'ftp://ftp.ncbi.nlm.nih.gov/geo/series/GSE149nnn/GSE149871/suppl/GSE149871_peaks_description_hg38.tsv.gz']",sc-atac-seq,"[{'GSE_Summary': ['ATAC', 'ATAC seq'], 'GSE_Overall_Design': ['ATAC', 'ATAC seq']}]"
GSE164789,['Single-cell transcriptomics of precursor lung adenocarcinoma reveals intratumoral heterogeneity and shifting immune network'],,['2024-01-13'],['2024-01-13'],['ftp://ftp.ncbi.nlm.nih.gov/geo/series/GSE164nnn/GSE164789/suppl/GSE164789_RAW.tar'],sc-rna-seq,"[{'GSE_Summary': ['single cell'], 'GSE_Title': ['Single cell']}]"
GSE164952,['Human AML1-ETO driven acute myeloid leukemia (AML) shows a dysfunctional immune microenvironment.'],,['2024-06-04'],['2024-06-04'],['ftp://ftp.ncbi.nlm.nih.gov/geo/series/GSE164nnn/GSE164952/suppl/GSE164952_RAW.tar'],sc-rna-seq,[{'GSE_Overall_Design': ['single cell']}]
GSE173590,['Longitudinal trajectories of mild/moderate SARS-CoV2 infection reveals key precursors and predictors of convalescent virus-specific immunity'],,['2024-05-30'],['2024-05-30'],"['ftp://ftp.ncbi.nlm.nih.gov/geo/series/GSE173nnn/GSE173590/suppl/GSE173590_Pub1-20201783_Skene_1820_NPX_2020-12-08.csv.gz', 'ftp://ftp.ncbi.nlm.nih.gov/geo/series/GSE173nnn/GSE173590/suppl/GSE173590_RAW.tar']","sc-rna-seq,sc-atac-seq","[{'GSE_Summary': ['scRNAseq'], 'GSE_Overall_Design': ['scRNAseq']}, {'GSE_Summary': ['scATACseq', 'scATAC', 'ATAC', 'ATACseq'], 'GSE_Overall_Design': ['scATACseq', 'scATAC', 'ATAC', 'ATACseq']}]"
GSE176499,['Single-Cell Transcriptome Analysis Reveals Differential Signatures of Human Left-Sided and Right-Sided Colon'],,['2024-06-10'],['2024-06-10'],['ftp://ftp.ncbi.nlm.nih.gov/geo/series/GSE176nnn/GSE176499/suppl/GSE176499_RAW.tar'],sc-rna-seq,"[{'GSE_Summary': ['single cell'], 'GSE_Title': ['Single Cell']}]"
GSE185014,['Single-cell transcriptomics reveals tissue architecture in ovarian carcinosarcoma'],['39155781'],['2024-08-29'],['2024-08-28'],['ftp://ftp.ncbi.nlm.nih.gov/geo/series/GSE185nnn/GSE185014/suppl/GSE185014_RAW.tar'],sc-rna-seq,"[{'GSE_Summary': ['single cell'], 'GSE_Title': ['Single cell']}]"
GSE189795,['Single-Cell Transcriptomic Analysis Reveals Differential Cell Subpopulations and Distinct Phenotype Transition in Normal and Acute Dissected Ascending Aorta'],,['2024-11-26'],['2024-11-26'],"['ftp://ftp.ncbi.nlm.nih.gov/geo/series/GSE189nnn/GSE189795/suppl/GSE189795_AllSample.NormalizedCounts.txt.gz', 'ftp://ftp.ncbi.nlm.nih.gov/geo/series/GSE189nnn/GSE189795/suppl/GSE189795_RAW.tar']",sc-rna-seq,"[{'GSE_Summary': ['Single cell', 'scRNA seq'], 'GSE_Title': ['Single Cell']}]"
GSE190773,['KMT2A-driven cyclin D2 upregulation and chronic inflammation as potential drivers of sporadic parathyroid adenoma pathogenesis'],['38888967'],['2024-12-09'],['2024-05-01'],['ftp://ftp.ncbi.nlm.nih.gov/geo/series/GSE190nnn/GSE190773/suppl/GSE190773_RAW.tar'],sc-rna-seq,[{'GSE_Summary': ['single cell']}]
GSE195844,['Single-cell transcriptomics of infant and adult T cells across human tissues'],['39974963'],['2025-03-12'],['2025-03-11'],"['ftp://ftp.ncbi.nlm.nih.gov/geo/series/GSE195nnn/GSE195844/suppl/GSE195844_InfantAdult_Tcells.scrnaseq.cts.txt.gz', 'ftp://ftp.ncbi.nlm.nih.gov/geo/series/GSE195nnn/GSE195844/suppl/GSE195844_RAW.tar']",sc-rna-seq,"[{'GSE_Summary': ['single cell'], 'GSE_Overall_Design': ['single cell'], 'GSE_Title': ['Single cell'], 'GSE_URL': ['scrnaseq']}]"
GSE201396,['bulk RNA-seq of human nucleusus pulposus from disc-degenerated patients'],['38865240'],['2024-08-13'],['2024-05-14'],"['ftp://ftp.ncbi.nlm.nih.gov/geo/series/GSE201nnn/GSE201396/suppl/GSE201396_COUNTS.tsv.gz', 'ftp://ftp.ncbi.nlm.nih.gov/geo/series/GSE201nnn/GSE201396/suppl/GSE201396_FPKM.tsv.gz']",sc-rna-seq,"[{'GSE_Summary': ['single cell', 'Single cell']}]"
GSE206790,['Profibrotic subsets of SPP1+ macrophages and POSTN+ fibroblasts contribute to fibrotic scarring in acne keloidalis'],['38218364'],['2024-04-11'],['2024-04-10'],"['ftp://ftp.ncbi.nlm.nih.gov/geo/series/GSE206nnn/GSE206790/suppl/GSE206790_RAW.tar', 'ftp://ftp.ncbi.nlm.nih.gov/geo/series/GSE206nnn/GSE206790/suppl/GSE206790_processed_data_file_RNA-seq.csv.gz']",sc-rna-seq,"[{'GSE_Summary': ['single cell'], 'GSE_Overall_Design': ['scRNA seq']}]"
GSE207817,['Single-cell transcriptomic analysis reveals increased regeneration in diseased human inner ears'],['38844821'],['2024-06-26'],['2024-03-01'],['ftp://ftp.ncbi.nlm.nih.gov/geo/series/GSE207nnn/GSE207817/suppl/GSE207817_RAW.tar'],sc-rna-seq,"[{'GSE_Overall_Design': ['single cell'], 'GSE_Title': ['Single cell'], 'GSE_Summary': ['scRNAseq']}]"
GSE210227,['CD8+ T-cell memory induced by successive SARS-CoV-2 mRNA vaccinations is characterized by clonal replenishment [AIM Bulk TCR-seq]'],['38458195'],['2024-04-02'],['2024-04-01'],"['ftp://ftp.ncbi.nlm.nih.gov/geo/series/GSE210nnn/GSE210227/suppl/GSE210227_RAW.tar', 'ftp://ftp.ncbi.nlm.nih.gov/geo/series/GSE210nnn/GSE210227/suppl/GSE210227_Supplementary_Table_1.xlsx', 'ftp://ftp.ncbi.nlm.nih.gov/geo/series/GSE210nnn/GSE210227/suppl/GSE210227_Supplementary_Table_2.xlsx', 'ftp://ftp.ncbi.nlm.nih.gov/geo/series/GSE210nnn/GSE210227/suppl/GSE210227_Supplementary_Table_3.xlsx']",sc-rna-seq,[{'GSE_Summary': ['Single cell']}]
GSE210228,['CD8+ T-cell memory induced by successive SARS-CoV-2 mRNA vaccinations is characterized by clonal replenishment [Bulk TCR-seq]'],['38458195'],['2024-04-02'],['2024-04-01'],"['ftp://ftp.ncbi.nlm.nih.gov/geo/series/GSE210nnn/GSE210228/suppl/GSE210228_RAW.tar', 'ftp://ftp.ncbi.nlm.nih.gov/geo/series/GSE210nnn/GSE210228/suppl/GSE210228_Supplementary_Table_1.xlsx', 'ftp://ftp.ncbi.nlm.nih.gov/geo/series/GSE210nnn/GSE210228/suppl/GSE210228_Supplementary_Table_2.xlsx', 'ftp://ftp.ncbi.nlm.nih.gov/geo/series/GSE210nnn/GSE210228/suppl/GSE210228_Supplementary_Table_3.xlsx']",sc-rna-seq,[{'GSE_Summary': ['Single cell']}]
GSE210229,"['CD8+ T-cell memory induced by successive SARS-CoV-2 mRNA vaccinations is characterized by clonal replenishment [scTCR-seq, CITE-seq]]']",['38458195'],['2024-04-02'],['2024-04-01'],"['ftp://ftp.ncbi.nlm.nih.gov/geo/series/GSE210nnn/GSE210229/suppl/GSE210229_RAW.tar', 'ftp://ftp.ncbi.nlm.nih.gov/geo/series/GSE210nnn/GSE210229/suppl/GSE210229_SampleTags.xlsx', 'ftp://ftp.ncbi.nlm.nih.gov/geo/series/GSE210nnn/GSE210229/suppl/GSE210229_Supplementary_Table_1.xlsx', 'ftp://ftp.ncbi.nlm.nih.gov/geo/series/GSE210nnn/GSE210229/suppl/GSE210229_Supplementary_Table_2.xlsx', 'ftp://ftp.ncbi.nlm.nih.gov/geo/series/GSE210nnn/GSE210229/suppl/GSE210229_Supplementary_Table_3.xlsx', 'ftp://ftp.ncbi.nlm.nih.gov/geo/series/GSE210nnn/GSE210229/suppl/GSE210229_Supplementary_Table_4.xlsx']",sc-rna-seq,"[{'GSE_Summary': ['Single cell'], 'GSE_Overall_Design': ['Single cell']}]"
GSE211376,"['Harmonized single-cell landscape, intercellular crosstalk and tumor architecture of glioblastoma']",['40312969'],['2025-05-09'],['2025-05-09'],"['ftp://ftp.ncbi.nlm.nih.gov/geo/series/GSE211nnn/GSE211376/suppl/GSE211376_metadata_Ruiz2022_all_samples_filtered_cells.csv.gz', 'ftp://ftp.ncbi.nlm.nih.gov/geo/series/GSE211nnn/GSE211376/suppl/GSE211376_raw_counts_Ruiz2022_all_samples_filtered_cells.tsv.gz']",sc-rna-seq,[{'GSE_Title': ['single cell']}]
GSE211785,['Spatially resolved human kidney multi-omics single cell atlas highlights the key role of fibrotic microenvironment in kidney disease progression.'],"['38217002', '38514613', '39048792']",['2025-01-28'],['2024-01-17'],"['ftp://ftp.ncbi.nlm.nih.gov/geo/series/GSE211nnn/GSE211785/suppl/GSE211785_7_13_23_slide0_annotated_iPTsubclusters.h5ad.gz', 'ftp://ftp.ncbi.nlm.nih.gov/geo/series/GSE211nnn/GSE211785/suppl/GSE211785_EXPORT_ST_counts.rds.gz', 'ftp://ftp.ncbi.nlm.nih.gov/geo/series/GSE211nnn/GSE211785/suppl/GSE211785_EXPORT_ST_umap.txt.gz', 'ftp://ftp.ncbi.nlm.nih.gov/geo/series/GSE211nnn/GSE211785/suppl/GSE211785_EXPORT_scRNA-seq_snRNA-seq_snATAC-seq_umap.txt.gz', 'ftp://ftp.ncbi.nlm.nih.gov/geo/series/GSE211nnn/GSE211785/suppl/GSE211785_EXPORT_scRNAseq_snRNAseq_snATACseq_counts.rds.gz', 'ftp://ftp.ncbi.nlm.nih.gov/geo/series/GSE211nnn/GSE211785/suppl/GSE211785_RAW.tar', 'ftp://ftp.ncbi.nlm.nih.gov/geo/series/GSE211nnn/GSE211785/suppl/GSE211785_ST_metadata.txt.gz', 'ftp://ftp.ncbi.nlm.nih.gov/geo/series/GSE211nnn/GSE211785/suppl/GSE211785_Susztak_KPMP_SC_SN_ATAC_merged_PostSCVI_final.h5ad.gz', 'ftp://ftp.ncbi.nlm.nih.gov/geo/series/GSE211nnn/GSE211785/suppl/GSE211785_Susztak_SC_SN_ATAC_merged_PostSCVI_final.h5ad.gz', 'ftp://ftp.ncbi.nlm.nih.gov/geo/series/GSE211nnn/GSE211785/suppl/GSE211785_Susztak_SC_SN_ATAC_merged_PreSCVI_final.h5ad.gz', 'ftp://ftp.ncbi.nlm.nih.gov/geo/series/GSE211nnn/GSE211785/suppl/GSE211785_V11Y24-076-A1-2.json.gz', 'ftp://ftp.ncbi.nlm.nih.gov/geo/series/GSE211nnn/GSE211785/suppl/GSE211785_V11Y24-076-B1.json.gz', 'ftp://ftp.ncbi.nlm.nih.gov/geo/series/GSE211nnn/GSE211785/suppl/GSE211785_V11Y24-076-C1.json.gz', 'ftp://ftp.ncbi.nlm.nih.gov/geo/series/GSE211nnn/GSE211785/suppl/GSE211785_V11Y24-076-D1.json.gz', 'ftp://ftp.ncbi.nlm.nih.gov/geo/series/GSE211nnn/GSE211785/suppl/GSE211785_V11Y24-076_A1-HK3035.tif.gz', 'ftp://ftp.ncbi.nlm.nih.gov/geo/series/GSE211nnn/GSE211785/suppl/GSE211785_V11Y24-076_B1-HK2852.tif.gz', 'ftp://ftp.ncbi.nlm.nih.gov/geo/series/GSE211nnn/GSE211785/suppl/GSE211785_V11Y24-076_C1-HK2871.tif.gz', 'ftp://ftp.ncbi.nlm.nih.gov/geo/series/GSE211nnn/GSE211785/suppl/GSE211785_V11Y24-076_D1-HK2873.tif.gz', 'ftp://ftp.ncbi.nlm.nih.gov/geo/series/GSE211nnn/GSE211785/suppl/GSE211785_V11Y24-079-A1_1.json.gz', 'ftp://ftp.ncbi.nlm.nih.gov/geo/series/GSE211nnn/GSE211785/suppl/GSE211785_V11Y24-079-B1_1.json.gz', 'ftp://ftp.ncbi.nlm.nih.gov/geo/series/GSE211nnn/GSE211785/suppl/GSE211785_V11Y24-079-C1-1.json.gz', 'ftp://ftp.ncbi.nlm.nih.gov/geo/series/GSE211nnn/GSE211785/suppl/GSE211785_V11Y24-79_A1_HK2770.tif.gz', 'ftp://ftp.ncbi.nlm.nih.gov/geo/series/GSE211nnn/GSE211785/suppl/GSE211785_V11Y24-79_B1_HK2844.tif.gz', 'ftp://ftp.ncbi.nlm.nih.gov/geo/series/GSE211nnn/GSE211785/suppl/GSE211785_scRNA-seq_snRNA-seq_snATAC-seq_metadata.txt.gz']","sc-rna-seq,sc-atac-seq","[{'GSE_Summary': ['single cell'], 'GSE_Title': ['single cell'], 'GSE_Overall_Design': ['scRNA seq']}, {'GSE_Overall_Design': ['ATAC', 'ATAC seq']}]"
GSE214967,['scRNA-Seq analysis of a glioblastoma patient sample after Vortioxetine or DMSO treatment'],['39304781'],['2024-10-28'],['2024-07-29'],"['ftp://ftp.ncbi.nlm.nih.gov/geo/series/GSE214nnn/GSE214967/suppl/GSE214967_RAW.tar', 'ftp://ftp.ncbi.nlm.nih.gov/geo/series/GSE214nnn/GSE214967/suppl/GSE214967_cell_metadata_scRNASeq_GBM_DMSO_VORT.txt.gz', 'ftp://ftp.ncbi.nlm.nih.gov/geo/series/GSE214nnn/GSE214967/suppl/GSE214967_count_matrix_scRNASeq_GBM_DMSO_VORT.txt.gz']",sc-rna-seq,"[{'GSE_Summary': ['single cell', 'scRNA seq'], 'GSE_Overall_Design': ['single cell', 'scRNA Seq'], 'GSE_Title': ['scRNA Seq']}]"
GSE217707,['Single-cell sequencing analysis reveals the tissue architecture and empowers clinical trial in advanced conjunctival melanoma'],['38862482'],['2024-06-19'],['2024-06-18'],['ftp://ftp.ncbi.nlm.nih.gov/geo/series/GSE217nnn/GSE217707/suppl/GSE217707_RAW.tar'],sc-rna-seq,"[{'GSE_Summary': ['Single cell'], 'GSE_Title': ['Single cell'], 'GSE_Overall_Design': ['scRNA seq']}]"
GSE221108,['The landscape of enhancer transcription in prostate cancer [ATAC-Seq]'],,['2025-02-10'],['2025-02-09'],['ftp://ftp.ncbi.nlm.nih.gov/geo/series/GSE221nnn/GSE221108/suppl/GSE221108_RAW.tar'],sc-atac-seq,"[{'GSE_Summary': ['ATAC', 'ATAC seq'], 'GSE_Overall_Design': ['ATAC', 'ATAC seq'], 'GSE_Title': ['ATAC', 'ATAC Seq']}]"
GSE221492,['Cellular origin and clonal evolution of human dedifferentiated liposarcoma'],"['39266532', '39266552']",['2024-10-09'],['2024-07-22'],"['ftp://ftp.ncbi.nlm.nih.gov/geo/series/GSE221nnn/GSE221492/suppl/GSE221492_bulk_LPS_atlas_TPM_counts_matrix.tsv.gz', 'ftp://ftp.ncbi.nlm.nih.gov/geo/series/GSE221nnn/GSE221492/suppl/GSE221492_bulk_LPS_atlas_log2_FPKM_counts_matrix.tsv.gz', 'ftp://ftp.ncbi.nlm.nih.gov/geo/series/GSE221nnn/GSE221492/suppl/GSE221492_bulk_LPS_atlas_raw_counts_matrix.tsv.gz']",sc-rna-seq,[{'GSE_Summary': ['single cell']}]
GSE221493,['Cellular origin and clonal evolution of human dedifferentiated liposarcoma'],"['39266532', '39266552']",['2024-10-09'],['2024-07-22'],"['ftp://ftp.ncbi.nlm.nih.gov/geo/series/GSE221nnn/GSE221493/suppl/GSE221493_sc_LPS_atlas_normalized_counts_barcodes.tsv.gz', 'ftp://ftp.ncbi.nlm.nih.gov/geo/series/GSE221nnn/GSE221493/suppl/GSE221493_sc_LPS_atlas_normalized_counts_barcodes_only.tsv.gz', 'ftp://ftp.ncbi.nlm.nih.gov/geo/series/GSE221nnn/GSE221493/suppl/GSE221493_sc_LPS_atlas_normalized_counts_features.tsv.gz', 'ftp://ftp.ncbi.nlm.nih.gov/geo/series/GSE221nnn/GSE221493/suppl/GSE221493_sc_LPS_atlas_normalized_counts_matrix.mtx.gz', 'ftp://ftp.ncbi.nlm.nih.gov/geo/series/GSE221nnn/GSE221493/suppl/GSE221493_sc_LPS_atlas_raw_counts_barcodes.tsv.gz', 'ftp://ftp.ncbi.nlm.nih.gov/geo/series/GSE221nnn/GSE221493/suppl/GSE221493_sc_LPS_atlas_raw_counts_features.tsv.gz', 'ftp://ftp.ncbi.nlm.nih.gov/geo/series/GSE221nnn/GSE221493/suppl/GSE221493_sc_LPS_atlas_raw_counts_matrix.mtx.gz']",sc-rna-seq,"[{'GSE_Summary': ['single cell'], 'GSE_Overall_Design': ['scRNAseq']}]"
GSE221686,['The latent HIV reservoir in the brain of people with HIV under antiretroviral therapy (scATAC-Seq)'],,['2024-02-01'],['2024-02-01'],['ftp://ftp.ncbi.nlm.nih.gov/geo/series/GSE221nnn/GSE221686/suppl/GSE221686_RAW.tar'],"sc-rna-seq,sc-atac-seq","[{'GSE_Summary': ['single cell']}, {'GSE_Title': ['scATAC', 'ATAC', 'ATAC Seq'], 'GSE_Summary': ['ATAC', 'ATAC seq']}]"
GSE221687,['The latent HIV reservoir in the brain of people with HIV under antiretroviral therapy (scRNA-Seq)'],,['2024-02-01'],['2024-02-01'],['ftp://ftp.ncbi.nlm.nih.gov/geo/series/GSE221nnn/GSE221687/suppl/GSE221687_RAW.tar'],"sc-rna-seq,sc-atac-seq","[{'GSE_Summary': ['single cell'], 'GSE_Title': ['scRNA Seq']}, {'GSE_Summary': ['ATAC', 'ATAC seq']}]"
GSE222315,['Gene expression profile at single cell level of bladder cancer and normal adjacent tissues'],['38428409'],['2024-05-17'],['2024-02-16'],['ftp://ftp.ncbi.nlm.nih.gov/geo/series/GSE222nnn/GSE222315/suppl/GSE222315_RAW.tar'],sc-rna-seq,"[{'GSE_Summary': ['single cell', 'scRNA seq'], 'GSE_Overall_Design': ['single cell', 'Single cell'], 'GSE_Title': ['single cell']}]"
GSE222374,['High resolution analysis of heterogeneous alveolar type II cells in emphysema and health reveals an airway origin of impaired alveolar regeneration'],['39147413'],['2024-12-19'],['2024-12-18'],"['ftp://ftp.ncbi.nlm.nih.gov/geo/series/GSE222nnn/GSE222374/suppl/GSE222374_RAW.tar', 'ftp://ftp.ncbi.nlm.nih.gov/geo/series/GSE222nnn/GSE222374/suppl/GSE222374_annoted_fullSize.h5ad.gz']",sc-rna-seq,[{'GSE_Summary': ['single cell']}]
GSE223702,['Metabolic analysis of amelablastoma at single-cell level'],,['2024-12-24'],['2024-12-23'],['ftp://ftp.ncbi.nlm.nih.gov/geo/series/GSE223nnn/GSE223702/suppl/GSE223702_RAW.tar'],sc-rna-seq,"[{'GSE_Summary': ['single cell', 'scRNA seq'], 'GSE_Overall_Design': ['Single cell', 'scRNA seq'], 'GSE_Title': ['single cell']}]"
GSE223971,['Bulk RNAseq data for bladder cancer specimens [UC cohort]'],,['2024-01-01'],['2024-01-01'],['ftp://ftp.ncbi.nlm.nih.gov/geo/series/GSE223nnn/GSE223971/suppl/GSE223971_TPM_matrix.csv.gz'],sc-rna-seq,"[{'GSE_Summary': ['single cell', 'scRNAseq', 'scRNA seq']}]"
GSE224327,['Single cell analysis reveals immune subtypes associated with CRT treatment'],['40464813'],['2025-06-17'],['2025-06-16'],['ftp://ftp.ncbi.nlm.nih.gov/geo/series/GSE224nnn/GSE224327/suppl/GSE224327_RAW.tar'],sc-rna-seq,"[{'GSE_Overall_Design': ['single cell', 'single cells', 'scRNA seq'], 'GSE_Title': ['Single cell'], 'GSE_Summary': ['scRNA seq']}]"
GSE226039,"['scRNAseq from pbmc, ileum, and rectal tissue of healthy and crohns disease individuals']",,['2025-05-22'],['2025-05-22'],['ftp://ftp.ncbi.nlm.nih.gov/geo/series/GSE226nnn/GSE226039/suppl/GSE226039_RAW.tar'],sc-rna-seq,[{'GSE_Title': ['scRNAseq']}]
GSE226602,['Epigenetic dysregulation in Alzheimer s disease peripheral immunity - RNA+TCR+BCR'],['38340719'],['2024-11-15'],['2024-01-03'],"['ftp://ftp.ncbi.nlm.nih.gov/geo/series/GSE226nnn/GSE226602/suppl/GSE226602_rna_lognorm_expression.rds.gz', 'ftp://ftp.ncbi.nlm.nih.gov/geo/series/GSE226nnn/GSE226602/suppl/GSE226602_rna_raw_counts.rds.gz', 'ftp://ftp.ncbi.nlm.nih.gov/geo/series/GSE226nnn/GSE226602/suppl/GSE226602_tcr_contigs_merged.csv.gz', 'ftp://ftp.ncbi.nlm.nih.gov/geo/series/GSE226nnn/GSE226602/suppl/GSE226602_tcr_paired_clonotypes_merged.csv.gz']",sc-rna-seq,"[{'GSE_Summary': ['single cell'], 'GSE_Overall_Design': ['scRNA seq']}]"
GSE226620,['CD161 expression of TRM cells counteracts the HPV-associated clinical benefit in oropharyngeal cancer immunotherapy'],['38857913'],['2024-06-28'],['2024-06-01'],"['ftp://ftp.ncbi.nlm.nih.gov/geo/series/GSE226nnn/GSE226620/suppl/GSE226620_RAW.tar', 'ftp://ftp.ncbi.nlm.nih.gov/geo/series/GSE226nnn/GSE226620/suppl/GSE226620_countdata_cancer.rds.gz', 'ftp://ftp.ncbi.nlm.nih.gov/geo/series/GSE226nnn/GSE226620/suppl/GSE226620_countdata_immune.rds.gz', 'ftp://ftp.ncbi.nlm.nih.gov/geo/series/GSE226nnn/GSE226620/suppl/GSE226620_metadata_immune_tcr.tsv.gz', 'ftp://ftp.ncbi.nlm.nih.gov/geo/series/GSE226nnn/GSE226620/suppl/GSE226620_metadata_malignant.tsv.gz']",sc-rna-seq,"[{'GSE_Summary': ['single cell', 'scRNA seq'], 'GSE_Overall_Design': ['scRNAseq']}]"
GSE227210,['Pulmonary gain-of-function toxicity in alpha-1 antitrypsin deficiency'],['38360172'],['2024-12-13'],['2024-12-12'],"['ftp://ftp.ncbi.nlm.nih.gov/geo/series/GSE227nnn/GSE227210/suppl/GSE227210_AATD.Rds.gz', 'ftp://ftp.ncbi.nlm.nih.gov/geo/series/GSE227nnn/GSE227210/suppl/GSE227210_RAW.tar']",sc-rna-seq,[{'GSE_Overall_Design': ['single cell']}]
GSE227734,['Single-cell sequencing reveals the cardio-protective role of overexpressing Cox7B in hypertrophic cardiomyopathy'],['37979444'],['2024-02-07'],['2024-02-07'],['ftp://ftp.ncbi.nlm.nih.gov/geo/series/GSE227nnn/GSE227734/suppl/GSE227734_hcm_raw.h5ad.gz'],sc-rna-seq,"[{'GSE_Summary': ['single cell'], 'GSE_Overall_Design': ['single cell'], 'GSE_Title': ['Single cell']}]"
GSE227833,['A single cell RNA-Seq 5’ study of splenic marginal zone lymphomas (SMZL) and spleen healthy donors'],['38828498'],['2024-09-17'],['2024-09-17'],"['ftp://ftp.ncbi.nlm.nih.gov/geo/series/GSE227nnn/GSE227833/suppl/GSE227833_Matrix_SMZL_Annotations.csv.gz', 'ftp://ftp.ncbi.nlm.nih.gov/geo/series/GSE227nnn/GSE227833/suppl/GSE227833_Matrix_SMZL_B.csv.gz', 'ftp://ftp.ncbi.nlm.nih.gov/geo/series/GSE227nnn/GSE227833/suppl/GSE227833_Matrix_SMZL_GEX.tsv.gz', 'ftp://ftp.ncbi.nlm.nih.gov/geo/series/GSE227nnn/GSE227833/suppl/GSE227833_Matrix_SMZL_T.csv.gz']",sc-rna-seq,"[{'GSE_Summary': ['single cell', 'Single cell'], 'GSE_Title': ['single cell']}]"
GSE227991,"[""Peripheral immunomodulatory effects of Apolipoprotein E4 on Alzheimer's disease - Immune Enrichment""]",,['2024-03-22'],['2024-03-22'],"['ftp://ftp.ncbi.nlm.nih.gov/geo/series/GSE227nnn/GSE227991/suppl/GSE227991_ImmEnrich_lognorm_expression.rds.gz', 'ftp://ftp.ncbi.nlm.nih.gov/geo/series/GSE227nnn/GSE227991/suppl/GSE227991_ImmEnrich_raw_counts.rds.gz']",sc-rna-seq,[{'GSE_Summary': ['single cell']}]
GSE228499,['Single cell RNA sequencing of primary breast cancer'],['38892065'],['2024-06-20'],['2024-05-28'],['ftp://ftp.ncbi.nlm.nih.gov/geo/series/GSE228nnn/GSE228499/suppl/GSE228499_RAW.tar'],sc-rna-seq,"[{'GSE_Summary': ['single cell'], 'GSE_Overall_Design': ['Single cell'], 'GSE_Title': ['Single cell']}]"
GSE231385,['SDePER: a hybrid machine learning and regression method for cell-type deconvolution of spatial barcoding-based transcriptomic data'],['39402626'],['2024-11-01'],['2024-08-01'],['ftp://ftp.ncbi.nlm.nih.gov/geo/series/GSE231nnn/GSE231385/suppl/GSE231385_RAW.tar'],sc-rna-seq,"[{'GSE_Summary': ['single cell', 'scRNA seq']}]"
GSE231920,['Single-cell RNA-sequencing reveals peripheral T helper cells promoting the development of IgG4-related disease by enhancing B cell activation and differentiation'],,['2024-05-31'],['2024-05-31'],['ftp://ftp.ncbi.nlm.nih.gov/geo/series/GSE231nnn/GSE231920/suppl/GSE231920_RAW.tar'],sc-rna-seq,"[{'GSE_Summary': ['single cell', 'scRNA seq'], 'GSE_Title': ['Single cell']}]"
GSE232149,['Sodium chloride in the tumor microenvironment enhances T cell metabolic fitness and cytotoxicity'],['39198632'],['2024-09-22'],['2024-06-21'],['ftp://ftp.ncbi.nlm.nih.gov/geo/series/GSE232nnn/GSE232149/suppl/GSE232149_RAW.tar'],sc-rna-seq,"[{'GSE_Overall_Design': ['Single Cell', 'scRNA seq']}]"
GSE232222,['Mosaic loss of Y chromosome is associated with aging and epithelial injury in chronic kidney disease'],['38287344'],['2024-02-14'],['2024-01-05'],"['ftp://ftp.ncbi.nlm.nih.gov/geo/series/GSE232nnn/GSE232222/suppl/GSE232222_090922Nx_atac_fragments.tsv.gz', 'ftp://ftp.ncbi.nlm.nih.gov/geo/series/GSE232nnn/GSE232222/suppl/GSE232222_090922Nx_filtered_feature_bc_matrix.h5', 'ftp://ftp.ncbi.nlm.nih.gov/geo/series/GSE232nnn/GSE232222/suppl/GSE232222_090922Nx_gex_molecule_info.h5', 'ftp://ftp.ncbi.nlm.nih.gov/geo/series/GSE232nnn/GSE232222/suppl/GSE232222_090922Nx_per_barcode_metrics.csv.gz', 'ftp://ftp.ncbi.nlm.nih.gov/geo/series/GSE232nnn/GSE232222/suppl/GSE232222_091422Nx_atac_fragments.tsv.gz', 'ftp://ftp.ncbi.nlm.nih.gov/geo/series/GSE232nnn/GSE232222/suppl/GSE232222_091422Nx_filtered_feature_bc_matrix.h5', 'ftp://ftp.ncbi.nlm.nih.gov/geo/series/GSE232nnn/GSE232222/suppl/GSE232222_091422Nx_gex_molecule_info.h5', 'ftp://ftp.ncbi.nlm.nih.gov/geo/series/GSE232nnn/GSE232222/suppl/GSE232222_091422Nx_per_barcode_metrics.csv.gz', 'ftp://ftp.ncbi.nlm.nih.gov/geo/series/GSE232nnn/GSE232222/suppl/GSE232222_AIIM164_atac_fragments.tsv.gz', 'ftp://ftp.ncbi.nlm.nih.gov/geo/series/GSE232nnn/GSE232222/suppl/GSE232222_AIIM164_filtered_feature_bc_matrix.h5', 'ftp://ftp.ncbi.nlm.nih.gov/geo/series/GSE232nnn/GSE232222/suppl/GSE232222_AIIM164_gex_molecule_info.h5', 'ftp://ftp.ncbi.nlm.nih.gov/geo/series/GSE232nnn/GSE232222/suppl/GSE232222_AIIM164_per_barcode_metrics.csv.gz', 'ftp://ftp.ncbi.nlm.nih.gov/geo/series/GSE232nnn/GSE232222/suppl/GSE232222_AIL5160_atac_fragments.tsv.gz', 'ftp://ftp.ncbi.nlm.nih.gov/geo/series/GSE232nnn/GSE232222/suppl/GSE232222_AIL5160_filtered_feature_bc_matrix.h5', 'ftp://ftp.ncbi.nlm.nih.gov/geo/series/GSE232nnn/GSE232222/suppl/GSE232222_AIL5160_gex_molecule_info.h5', 'ftp://ftp.ncbi.nlm.nih.gov/geo/series/GSE232nnn/GSE232222/suppl/GSE232222_AIL5160_per_barcode_metrics.csv.gz', 'ftp://ftp.ncbi.nlm.nih.gov/geo/series/GSE232nnn/GSE232222/suppl/GSE232222_AJDL105_atac_fragments.tsv.gz', 'ftp://ftp.ncbi.nlm.nih.gov/geo/series/GSE232nnn/GSE232222/suppl/GSE232222_AJDL105_filtered_feature_bc_matrix.h5', 'ftp://ftp.ncbi.nlm.nih.gov/geo/series/GSE232nnn/GSE232222/suppl/GSE232222_AJDL105_gex_molecule_info.h5', 'ftp://ftp.ncbi.nlm.nih.gov/geo/series/GSE232nnn/GSE232222/suppl/GSE232222_AJDL105_per_barcode_metrics.csv.gz', 'ftp://ftp.ncbi.nlm.nih.gov/geo/series/GSE232nnn/GSE232222/suppl/GSE232222_AJDV174_atac_fragments.tsv.gz', 'ftp://ftp.ncbi.nlm.nih.gov/geo/series/GSE232nnn/GSE232222/suppl/GSE232222_AJDV174_filtered_feature_bc_matrix.h5', 'ftp://ftp.ncbi.nlm.nih.gov/geo/series/GSE232nnn/GSE232222/suppl/GSE232222_AJDV174_gex_molecule_info.h5', 'ftp://ftp.ncbi.nlm.nih.gov/geo/series/GSE232nnn/GSE232222/suppl/GSE232222_AJDV174_per_barcode_metrics.csv.gz', 'ftp://ftp.ncbi.nlm.nih.gov/geo/series/GSE232nnn/GSE232222/suppl/GSE232222_CKD_1_filtered_peak_bc_matrix.h5', 'ftp://ftp.ncbi.nlm.nih.gov/geo/series/GSE232nnn/GSE232222/suppl/GSE232222_CKD_1_fragments.tsv.gz', 'ftp://ftp.ncbi.nlm.nih.gov/geo/series/GSE232nnn/GSE232222/suppl/GSE232222_CKD_1_singlecell.csv.gz', 'ftp://ftp.ncbi.nlm.nih.gov/geo/series/GSE232nnn/GSE232222/suppl/GSE232222_CKD_2_filtered_peak_bc_matrix.h5', 'ftp://ftp.ncbi.nlm.nih.gov/geo/series/GSE232nnn/GSE232222/suppl/GSE232222_CKD_2_fragments.tsv.gz', 'ftp://ftp.ncbi.nlm.nih.gov/geo/series/GSE232nnn/GSE232222/suppl/GSE232222_CKD_2_singlecell.csv.gz', 'ftp://ftp.ncbi.nlm.nih.gov/geo/series/GSE232nnn/GSE232222/suppl/GSE232222_CKD_3_filtered_peak_bc_matrix.h5', 'ftp://ftp.ncbi.nlm.nih.gov/geo/series/GSE232nnn/GSE232222/suppl/GSE232222_CKD_3_fragments.tsv.gz', 'ftp://ftp.ncbi.nlm.nih.gov/geo/series/GSE232nnn/GSE232222/suppl/GSE232222_CKD_3_singlecell.csv.gz', 'ftp://ftp.ncbi.nlm.nih.gov/geo/series/GSE232nnn/GSE232222/suppl/GSE232222_CKD_4_filtered_peak_bc_matrix.h5', 'ftp://ftp.ncbi.nlm.nih.gov/geo/series/GSE232nnn/GSE232222/suppl/GSE232222_CKD_4_fragments.tsv.gz', 'ftp://ftp.ncbi.nlm.nih.gov/geo/series/GSE232nnn/GSE232222/suppl/GSE232222_CKD_4_singlecell.csv.gz', 'ftp://ftp.ncbi.nlm.nih.gov/geo/series/GSE232nnn/GSE232222/suppl/GSE232222_CKD_5_filtered_peak_bc_matrix.h5', 'ftp://ftp.ncbi.nlm.nih.gov/geo/series/GSE232nnn/GSE232222/suppl/GSE232222_CKD_5_fragments.tsv.gz', 'ftp://ftp.ncbi.nlm.nih.gov/geo/series/GSE232nnn/GSE232222/suppl/GSE232222_CKD_5_singlecell.csv.gz']","sc-rna-seq,sc-atac-seq","[{'GSE_Summary': ['single cell']}, {'GSE_Summary': ['ATAC', 'ATAC seq'], 'GSE_Overall_Design': ['ATAC', 'ATAC seq'], 'GSE_URL': ['atac']}]"
GSE233280,['Single-cell RNA sequencing reveals dysregulated fibroblast subclusters in prurigo nodularis'],['38246584'],['2024-01-23'],['2024-01-22'],['ftp://ftp.ncbi.nlm.nih.gov/geo/series/GSE233nnn/GSE233280/suppl/GSE233280_RAW.tar'],sc-rna-seq,"[{'GSE_Summary': ['single cell'], 'GSE_Overall_Design': ['Single cell'], 'GSE_Title': ['Single cell']}]"
GSE233385,['sFANS ATACseq profiling of cortical cell types from human control samples'],['38237588'],['2024-03-14'],['2024-01-17'],['ftp://ftp.ncbi.nlm.nih.gov/geo/series/GSE233nnn/GSE233385/suppl/GSE233385_RAW.tar'],sc-atac-seq,"[{'GSE_Summary': ['ATAC', 'ATACseq'], 'GSE_Overall_Design': ['ATAC', 'ATACseq'], 'GSE_Title': ['ATAC', 'ATACseq']}]"
GSE233408,"[""sFANS RNAseq profiling of deep layer cortical cell types from human control and Huntington's Disease samples""]",['38237588'],['2024-03-14'],['2024-01-17'],"['ftp://ftp.ncbi.nlm.nih.gov/geo/series/GSE233nnn/GSE233408/suppl/GSE233408_ATACfilteredGOresultsDLHDvsNC_L5aL6aL6b.xlsx', 'ftp://ftp.ncbi.nlm.nih.gov/geo/series/GSE233nnn/GSE233408/suppl/GSE233408_ATACfilteredGOresultsHDL5avsL6comparisons.xlsx', 'ftp://ftp.ncbi.nlm.nih.gov/geo/series/GSE233nnn/GSE233408/suppl/GSE233408_Layer_5a_HDvsNC_DOWN_annotated_sigDEGs_human_nc_hd_Allctx.csv.gz', 'ftp://ftp.ncbi.nlm.nih.gov/geo/series/GSE233nnn/GSE233408/suppl/GSE233408_Layer_5a_HDvsNC_UP_annotated_sigDEGs_human_nc_hd_Allctx.csv.gz', 'ftp://ftp.ncbi.nlm.nih.gov/geo/series/GSE233nnn/GSE233408/suppl/GSE233408_Layer_5rs_HDvsNC_DOWN_annotated_sigDEGs_human_nc_hd_Allctx.csv.gz', 'ftp://ftp.ncbi.nlm.nih.gov/geo/series/GSE233nnn/GSE233408/suppl/GSE233408_Layer_5rs_HDvsNC_UP_annotated_sigDEGs_human_nc_hd_Allctx.csv.gz', 'ftp://ftp.ncbi.nlm.nih.gov/geo/series/GSE233nnn/GSE233408/suppl/GSE233408_Layer_6a_HDvsNC_DOWN_annotated_sigDEGs_human_nc_hd_Allctx.csv.gz', 'ftp://ftp.ncbi.nlm.nih.gov/geo/series/GSE233nnn/GSE233408/suppl/GSE233408_Layer_6a_HDvsNC_UP_annotated_sigDEGs_human_nc_hd_Allctx.csv.gz', 'ftp://ftp.ncbi.nlm.nih.gov/geo/series/GSE233nnn/GSE233408/suppl/GSE233408_Layer_6b_HDvsNC_DOWN_annotated_sigDEGs_human_nc_hd_Allctx.csv.gz', 'ftp://ftp.ncbi.nlm.nih.gov/geo/series/GSE233nnn/GSE233408/suppl/GSE233408_Layer_6b_HDvsNC_UP_annotated_sigDEGs_human_nc_hd_Allctx.csv.gz', 'ftp://ftp.ncbi.nlm.nih.gov/geo/series/GSE233nnn/GSE233408/suppl/GSE233408_Layer_BETZ_HDvsNC_DOWN_annotated_sigDEGs_human_nc_hd_Allctx.csv.gz', 'ftp://ftp.ncbi.nlm.nih.gov/geo/series/GSE233nnn/GSE233408/suppl/GSE233408_Layer_BETZ_HDvsNC_UP_annotated_sigDEGs_human_nc_hd_Allctx.csv.gz', 'ftp://ftp.ncbi.nlm.nih.gov/geo/series/GSE233nnn/GSE233408/suppl/GSE233408_RAW.tar']",sc-atac-seq,[{'GSE_URL': ['ATAC']}]
GSE233676,['Single cell RNA-sequencing analysis of human nonunion tissue'],,['2025-02-26'],['2025-02-25'],['ftp://ftp.ncbi.nlm.nih.gov/geo/series/GSE233nnn/GSE233676/suppl/GSE233676_RAW.tar'],sc-rna-seq,"[{'GSE_Summary': ['single cell'], 'GSE_Overall_Design': ['single cell', 'Single Cell'], 'GSE_Title': ['Single cell']}]"
GSE235678,['Chemokine Ligand 2 Expressing Fibroblast Recruitment of Macrophages Enhanced in Loeys-Dietz Syndrome Aortic Root Aneurysm Formation [human]'],['40109260'],['2025-04-23'],['2025-04-23'],['ftp://ftp.ncbi.nlm.nih.gov/geo/series/GSE235nnn/GSE235678/suppl/GSE235678_processed_data_human_tgfbr.csv.gz'],sc-rna-seq,[{'GSE_Overall_Design': ['single cell']}]
GSE235914,['Single nucleus RNA sequencing data of Lewy Body Dementia (LBD) brains'],['39259788'],['2024-09-19'],['2024-09-18'],['ftp://ftp.ncbi.nlm.nih.gov/geo/series/GSE235nnn/GSE235914/suppl/GSE235914_RAW.tar'],sc-rna-seq,[{'GSE_Summary': ['Single cell']}]
GSE237520,['Single-cell transcriptomic reconstruction of the human hair cycle: Capturing the temporal dynamics of skin tissue remodeling'],,['2025-08-01'],['2025-07-31'],['ftp://ftp.ncbi.nlm.nih.gov/geo/series/GSE237nnn/GSE237520/suppl/GSE237520_RAW.tar'],sc-rna-seq,"[{'GSE_Summary': ['single cell', 'scRNA seq'], 'GSE_Overall_Design': ['single cell', 'scRNA seq'], 'GSE_Title': ['Single cell']}]"
GSE240618,['MPO and TRH within leukemia stem cells increased chemosensitivity in acute myeloid leukemia'],['39720891'],['2024-12-26'],['2024-12-25'],['ftp://ftp.ncbi.nlm.nih.gov/geo/series/GSE240nnn/GSE240618/suppl/GSE240618_RAW.tar'],sc-rna-seq,"[{'GSE_Summary': ['single cell', 'scRNA seq'], 'GSE_Overall_Design': ['single cell', 'Single Cell']}]"
GSE240900,['Gene expression profile of human intestinal mononuclear phagocytes (MNPs) at the single-cell level'],['39432783'],['2025-01-07'],['2024-10-08'],['ftp://ftp.ncbi.nlm.nih.gov/geo/series/GSE240nnn/GSE240900/suppl/GSE240900_RAW.tar'],sc-rna-seq,"[{'GSE_Summary': ['single cell', 'scRNA seq'], 'GSE_Title': ['single cell'], 'GSE_Overall_Design': ['scRNA seq']}]"
GSE242091,['Gene expression profile of human intestinal mononuclear phagocytes (MNPs) at the single-cell level II'],['39432783'],['2025-01-07'],['2024-10-08'],"['ftp://ftp.ncbi.nlm.nih.gov/geo/series/GSE242nnn/GSE242091/suppl/GSE242091_1329_Osaka_University_Mari_Murakami_20200512_amplicons.fasta.gz', 'ftp://ftp.ncbi.nlm.nih.gov/geo/series/GSE242nnn/GSE242091/suppl/GSE242091_RAW.tar']",sc-rna-seq,"[{'GSE_Summary': ['single cell', 'scRNA seq'], 'GSE_Title': ['single cell'], 'GSE_Overall_Design': ['scRNA seq']}]"
GSE243073,['Spatial transcriptomics and single-nucleus RNA-sequencing reveal a transcriptomic atlas of human spinal cord [DRG Spatial]'],"['38289829', '38934400']",['2025-03-20'],['2024-01-11'],['ftp://ftp.ncbi.nlm.nih.gov/geo/series/GSE243nnn/GSE243073/suppl/GSE243073_RAW.tar'],sc-rna-seq,[{'GSE_Summary': ['single cell']}]
GSE243074,['Spatial transcriptomics and single-nucleus RNA-sequencing reveal a transcriptomic atlas of human spinal cord [Spinal spatial]'],"['38289829', '38934400']",['2025-03-20'],['2024-01-11'],['ftp://ftp.ncbi.nlm.nih.gov/geo/series/GSE243nnn/GSE243074/suppl/GSE243074_RAW.tar'],sc-rna-seq,[{'GSE_Summary': ['single cell']}]
GSE243076,['Spatial transcriptomics and single-nucleus RNA-sequencing reveal a transcriptomic atlas of human spinal cord [Spinal snRNA-seq]'],"['38289829', '38934400']",['2025-03-20'],['2024-01-11'],['ftp://ftp.ncbi.nlm.nih.gov/geo/series/GSE243nnn/GSE243076/suppl/GSE243076_RAW.tar'],sc-rna-seq,[{'GSE_Summary': ['single cell']}]
GSE247531,['Single-cell landscape of hematopoiesis and immunological responses in patients with severe aplastic anemia treated with immunosuppression and eltrombopag'],,['2025-05-01'],['2025-05-01'],"['ftp://ftp.ncbi.nlm.nih.gov/geo/series/GSE247nnn/GSE247531/suppl/GSE247531_BCR_filtered_contig_annotations.csv.gz', 'ftp://ftp.ncbi.nlm.nih.gov/geo/series/GSE247nnn/GSE247531/suppl/GSE247531_BMcounts.Rdata.gz', 'ftp://ftp.ncbi.nlm.nih.gov/geo/series/GSE247nnn/GSE247531/suppl/GSE247531_CD34counts.Rdata.gz', 'ftp://ftp.ncbi.nlm.nih.gov/geo/series/GSE247nnn/GSE247531/suppl/GSE247531_TCR_filtered_contig_annotations.csv.gz']",sc-rna-seq,"[{'GSE_Summary': ['single cell'], 'GSE_Title': ['Single cell']}]"
GSE248091,['Transcriptional profiles of ageing human pulmonary blood vessel endothelial cells after their exposure to human serum from healthy donors and idiopathic pulmonary fibrosis patients'],,['2025-03-31'],['2025-03-31'],['ftp://ftp.ncbi.nlm.nih.gov/geo/series/GSE248nnn/GSE248091/suppl/GSE248091_RAW.tar'],sc-rna-seq,"[{'GSE_Summary': ['single cell', 'scRNAseq']}]"
GSE249131,['Single-cell RNA sequencing of blood cells from patients with VEXAS syndrome.'],,['2025-04-30'],['2025-04-30'],"['ftp://ftp.ncbi.nlm.nih.gov/geo/series/GSE249nnn/GSE249131/suppl/GSE249131_BCRannotatio.csv.gz', 'ftp://ftp.ncbi.nlm.nih.gov/geo/series/GSE249nnn/GSE249131/suppl/GSE249131_PBMCcount.RData.gz', 'ftp://ftp.ncbi.nlm.nih.gov/geo/series/GSE249nnn/GSE249131/suppl/GSE249131_PBMCmetaData.csv.gz', 'ftp://ftp.ncbi.nlm.nih.gov/geo/series/GSE249nnn/GSE249131/suppl/GSE249131_TCRannotatio.csv.gz']",sc-rna-seq,"[{'GSE_Summary': ['single cell'], 'GSE_Title': ['Single cell']}]"
GSE249746,['Leveraging deep single-soma RNA sequencing to explore the neural basis of human somatosensation'],['39496796'],['2024-11-06'],['2024-07-31'],['ftp://ftp.ncbi.nlm.nih.gov/geo/series/GSE249nnn/GSE249746/suppl/GSE249746_Expression_matrix_raw_counts.csv.gz'],sc-rna-seq,[{'GSE_Overall_Design': ['Single cell']}]
GSE253198,['Cell and Transcriptomic Diversity of Infrapatellar Fat Pad during Knee Osteoarthritis [snRNA-seq]'],['39919907'],['2025-02-21'],['2024-10-07'],['ftp://ftp.ncbi.nlm.nih.gov/geo/series/GSE253nnn/GSE253198/suppl/GSE253198_RAW.tar'],sc-rna-seq,[{'GSE_Overall_Design': ['Single cell']}]
GSE254188,['Tim-3 on natural killer cells regulates immune response via antibody dependent cellular cytotoxicity in HER2-positive gastric cancer'],,['2024-12-26'],['2024-12-26'],['ftp://ftp.ncbi.nlm.nih.gov/geo/series/GSE254nnn/GSE254188/suppl/GSE254188_HER2.GC.rds.gz'],sc-rna-seq,[{'GSE_Overall_Design': ['scRNA seq']}]
GSE254212,['Integration of ATAC-seq and RNA-seq identifies typing and prognosis evaluation target molecules of triple negative breast cancer'],,['2025-01-01'],['2025-01-01'],['ftp://ftp.ncbi.nlm.nih.gov/geo/series/GSE254nnn/GSE254212/suppl/GSE254212_RAW.tar'],sc-atac-seq,"[{'GSE_Summary': ['ATAC', 'ATAC seq'], 'GSE_Overall_Design': ['ATAC', 'ATAC seq'], 'GSE_Title': ['ATAC', 'ATAC seq']}]"
GSE254569,['Gene expression profiles at single-cell level of human post-mortem brain tissue from the orbitofrontal cortex'],"['39227716', '40053590']",['2025-03-20'],['2024-05-15'],['ftp://ftp.ncbi.nlm.nih.gov/geo/series/GSE254nnn/GSE254569/suppl/GSE254569_adata_RNA.h5ad.gz'],sc-rna-seq,[{'GSE_Title': ['single cell']}]
GSE254617,['Integrative Multiomics in the Lung Reveals a Protective Role of Asporin in Pulmonary Arterial Hypertension.'],"['39167456', '39958970']",['2025-02-25'],['2024-05-22'],['ftp://ftp.ncbi.nlm.nih.gov/geo/series/GSE254nnn/GSE254617/suppl/GSE254617_txiCounts.csv.gz'],sc-rna-seq,[{'GSE_Summary': ['single cell']}]
GSE254758,['Intergrated single-cell chromatin and transcriptomic analyses of the human skin experienced radiotherapy from cancer patients (multiome)'],['39468077'],['2024-11-01'],['2024-08-02'],['ftp://ftp.ncbi.nlm.nih.gov/geo/series/GSE254nnn/GSE254758/suppl/GSE254758_Multiome.zip'],"sc-rna-seq,sc-atac-seq","[{'GSE_Summary': ['single cell'], 'GSE_Overall_Design': ['single cell'], 'GSE_Title': ['single cell']}, {'GSE_Summary': ['ATAC', 'ATAC seq'], 'GSE_Overall_Design': ['ATAC', 'ATAC seq']}]"
GSE255068,['Tumor cells impair immunological synapse formation via central nervous system-enriched metabolite'],['38821061'],['2024-07-09'],['2024-07-08'],"['ftp://ftp.ncbi.nlm.nih.gov/geo/series/GSE255nnn/GSE255068/suppl/GSE255068_Cell_anno.tsv.gz', 'ftp://ftp.ncbi.nlm.nih.gov/geo/series/GSE255nnn/GSE255068/suppl/GSE255068_RAW.tar']",sc-rna-seq,"[{'GSE_Summary': ['single cell'], 'GSE_Overall_Design': ['scRNA seq']}]"
GSE255298,['IL-2 and TGF-b1 promote regulatory activity in NK cells following Hematopoietic Stem Cell Transplantation'],['39720529'],['2025-01-31'],['2024-11-12'],['ftp://ftp.ncbi.nlm.nih.gov/geo/series/GSE255nnn/GSE255298/suppl/GSE255298_RAW.tar'],sc-rna-seq,"[{'GSE_Overall_Design': ['scRNA sequencing', 'scRNA seq'], 'GSE_Summary': ['scRNAseq']}]"
GSE256207,['Accessible chromatin profiles (ATAC) at single-cell level of human post-mortem brain tissue from the orbitofrontal cortex'],['40053590'],['2025-03-12'],['2025-02-17'],"['ftp://ftp.ncbi.nlm.nih.gov/geo/series/GSE256nnn/GSE256207/suppl/GSE256207_GeneScoreMatrix_Pseudobulk_Normalized.csv.gz', 'ftp://ftp.ncbi.nlm.nih.gov/geo/series/GSE256nnn/GSE256207/suppl/GSE256207_PeakMatrix.mtx.gz', 'ftp://ftp.ncbi.nlm.nih.gov/geo/series/GSE256nnn/GSE256207/suppl/GSE256207_PeakSet.csv.gz', 'ftp://ftp.ncbi.nlm.nih.gov/geo/series/GSE256nnn/GSE256207/suppl/GSE256207_Peak_CellMetadata.csv.gz']","sc-rna-seq,sc-atac-seq","[{'GSE_Title': ['single cell']}, {'GSE_Summary': ['ATAC', 'ATAC seq'], 'GSE_Overall_Design': ['ATAC', 'ATAC seq'], 'GSE_Title': ['ATAC']}]"
GSE265801,['Single cell atlas of the human retina'],['39117640'],['2025-03-18'],['2024-04-25'],['ftp://ftp.ncbi.nlm.nih.gov/geo/series/GSE265nnn/GSE265801/suppl/GSE265801_RAW.tar'],"sc-rna-seq,sc-atac-seq","[{'GSE_Summary': ['single cell', 'single cells'], 'GSE_Title': ['Single cell']}, {'GSE_Summary': ['scATAC', 'ATAC', 'ATAC seq']}]"
GSE266146,['Single cell RNA sequencing of urine sediment from early and advanced Diabetic Kidney Disease (DKD) patients'],,['2025-01-24'],['2025-01-23'],['ftp://ftp.ncbi.nlm.nih.gov/geo/series/GSE266nnn/GSE266146/suppl/GSE266146_RAW.tar'],sc-rna-seq,"[{'GSE_Overall_Design': ['scRNA sequencing', 'scRNA seq'], 'GSE_Summary': ['single cell'], 'GSE_Title': ['Single cell']}]"
GSE266498,['Genomic profiles and survival prognosticators in African-American patients with acute myeloid leukemia'],,['2024-05-31'],['2024-05-31'],['ftp://ftp.ncbi.nlm.nih.gov/geo/series/GSE266nnn/GSE266498/suppl/GSE266498_RAW.tar'],sc-rna-seq,[{'GSE_Overall_Design': ['Single cell']}]
GSE266616,"[""Reveal the key mediators of inflammation in Crohn's disease undergoing biological treatments""]",['39837850'],['2025-02-18'],['2024-12-16'],['ftp://ftp.ncbi.nlm.nih.gov/geo/series/GSE266nnn/GSE266616/suppl/GSE266616_RAW.tar'],sc-rna-seq,"[{'GSE_Summary': ['single cell'], 'GSE_Overall_Design': ['scRNA seq']}]"
GSE266681,['Single-cell analyses offer insights into the different remodeling programs of arteries and veins (bulk RNA-Seq)'],['38786017'],['2024-06-05'],['2024-06-05'],['ftp://ftp.ncbi.nlm.nih.gov/geo/series/GSE266nnn/GSE266681/suppl/GSE266681_Arteries_bulk_counts.txt.gz'],sc-rna-seq,"[{'GSE_Title': ['Single cell'], 'GSE_Summary': ['scRNA seq']}]"
GSE266682,['Single-cell analyses offer insights into the different remodeling programs of arteries and veins (scRNA-Seq)'],['38786017'],['2024-06-06'],['2024-06-05'],['ftp://ftp.ncbi.nlm.nih.gov/geo/series/GSE266nnn/GSE266682/suppl/GSE266682_RAW.tar'],sc-rna-seq,"[{'GSE_Summary': ['single cell'], 'GSE_Overall_Design': ['single cell', 'Single Cell'], 'GSE_Title': ['Single cell', 'scRNA Seq']}]"
GSE266684,['Single-cell analyses offer insights into the different remodeling programs of arteries and veins'],['38786017'],['2024-06-06'],['2024-06-05'],['ftp://ftp.ncbi.nlm.nih.gov/geo/series/GSE266nnn/GSE266684/suppl/GSE266684_RAW.tar'],sc-rna-seq,[{'GSE_Title': ['Single cell']}]
GSE267814,['Blockade of IL-1b and PD-1 with combination chemotherapy reduces systemic myeloid suppression in metastatic pancreatic cancer with heterogeneous effects in the tumor'],['38990554'],['2024-09-30'],['2024-07-01'],['ftp://ftp.ncbi.nlm.nih.gov/geo/series/GSE267nnn/GSE267814/suppl/GSE267814_RAW.tar'],sc-rna-seq,[{'GSE_Overall_Design': ['Single cell']}]
GSE267819,['Single-cell analysis reveals fibroblast heterogeneity and myofibroblast conversion in ligamentum flavum hypertrophy'],['39653186'],['2025-03-10'],['2024-12-09'],['ftp://ftp.ncbi.nlm.nih.gov/geo/series/GSE267nnn/GSE267819/suppl/GSE267819_RAW.tar'],sc-rna-seq,"[{'GSE_Summary': ['single cell', 'scRNA seq'], 'GSE_Title': ['Single cell'], 'GSE_Overall_Design': ['scRNAseq']}]"
GSE268308,['The transcriptional landscape of metastatic hormone-naïve prostate cancer [Discovery dataset]'],,['2025-04-29'],['2025-04-29'],['ftp://ftp.ncbi.nlm.nih.gov/geo/series/GSE268nnn/GSE268308/suppl/GSE268308_FullTable_RawCounts_Discovery_dataset.txt.gz'],sc-rna-seq,[{'GSE_Summary': ['single cell']}]
GSE268309,['The transcriptional landscape of metastatic hormone-naïve prostate cancer [Validation dataset]'],,['2025-04-29'],['2025-04-29'],['ftp://ftp.ncbi.nlm.nih.gov/geo/series/GSE268nnn/GSE268309/suppl/GSE268309_FullTable_RawCounts_Validation_dataset.txt.gz'],sc-rna-seq,[{'GSE_Summary': ['single cell']}]
GSE268834,['Tissue nanotransfection-based endothelial PLCγ2-targeted epigenetic gene editing in vivo rescues diabetic ischemic wound healing'],['39863930'],['2025-02-26'],['2025-02-25'],['ftp://ftp.ncbi.nlm.nih.gov/geo/series/GSE268nnn/GSE268834/suppl/GSE268834_RAW.tar'],sc-rna-seq,"[{'GSE_Summary': ['scRNA sequencing', 'scRNA seq'], 'GSE_Overall_Design': ['single cell']}]"
GSE269125,['Single-Cell RNA-Sequencing facilitates the effectiveness analysis of ATO and DAC co-treatment in PBMCs from PANDA-T0 trial'],,['2024-08-01'],['2024-07-31'],['ftp://ftp.ncbi.nlm.nih.gov/geo/series/GSE269nnn/GSE269125/suppl/GSE269125_RAW.tar'],sc-rna-seq,[{'GSE_Title': ['Single Cell']}]
GSE269204,"['Gene expression profile at single cell level of three adult, non-diabetic, human islets']",['38948734'],['2024-07-31'],['2024-06-15'],['ftp://ftp.ncbi.nlm.nih.gov/geo/series/GSE269nnn/GSE269204/suppl/GSE269204_RAW.tar'],sc-rna-seq,"[{'GSE_Overall_Design': ['single cell', 'single cells', 'scRNA seq'], 'GSE_Title': ['single cell']}]"
GSE269390,['A single-cell RNA sequencing atlas of the COPD distal lung to predict cell-cell communication'],['39356793'],['2024-11-07'],['2024-11-06'],['ftp://ftp.ncbi.nlm.nih.gov/geo/series/GSE269nnn/GSE269390/suppl/GSE269390_RAW.tar'],sc-rna-seq,"[{'GSE_Summary': ['single cell', 'scRNA seq', 'ScRNA seq'], 'GSE_Overall_Design': ['single cell', 'Single cell'], 'GSE_Title': ['single cell']}]"
GSE269478,['Single-cell multimodal profiling of monocytes reveals diverse phenotypes and alterations linked to cardiovascular disease risks [CITE-seq]'],['39105287'],['2024-10-28'],['2024-07-29'],"['ftp://ftp.ncbi.nlm.nih.gov/geo/series/GSE269nnn/GSE269478/suppl/GSE269478_mono_RNA_protein_15.mtx.gz', 'ftp://ftp.ncbi.nlm.nih.gov/geo/series/GSE269nnn/GSE269478/suppl/GSE269478_mono_RNA_protein_obs.txt.gz', 'ftp://ftp.ncbi.nlm.nih.gov/geo/series/GSE269nnn/GSE269478/suppl/GSE269478_mono_RNA_protein_var.txt.gz', 'ftp://ftp.ncbi.nlm.nih.gov/geo/series/GSE269nnn/GSE269478/suppl/GSE269478_readme.txt']",sc-rna-seq,"[{'GSE_Summary': ['single cell', 'scRNA seq'], 'GSE_Title': ['Single cell']}]"
GSE270454,['Epigenetic dysregulation of transposable elements in cognitive impairment and Alzheimer’s disease'],,['2024-08-01'],['2024-08-01'],"['ftp://ftp.ncbi.nlm.nih.gov/geo/series/GSE270nnn/GSE270454/suppl/GSE270454_AD-vs-MCI_peaks.xlsx', 'ftp://ftp.ncbi.nlm.nih.gov/geo/series/GSE270nnn/GSE270454/suppl/GSE270454_AD-vs-middleaged_peaks.xlsx', 'ftp://ftp.ncbi.nlm.nih.gov/geo/series/GSE270nnn/GSE270454/suppl/GSE270454_MCI-vs-middleaged_peaks.xlsx', 'ftp://ftp.ncbi.nlm.nih.gov/geo/series/GSE270nnn/GSE270454/suppl/GSE270454_Older-vs-middleaged_peaks.xlsx', 'ftp://ftp.ncbi.nlm.nih.gov/geo/series/GSE270nnn/GSE270454/suppl/GSE270454_RNAseq-combined-counts-matrix.csv.gz', 'ftp://ftp.ncbi.nlm.nih.gov/geo/series/GSE270nnn/GSE270454/suppl/GSE270454_ad-vs-asm-dmrs.txt.gz', 'ftp://ftp.ncbi.nlm.nih.gov/geo/series/GSE270nnn/GSE270454/suppl/GSE270454_ad-vs-mci-dmrs.txt.gz', 'ftp://ftp.ncbi.nlm.nih.gov/geo/series/GSE270nnn/GSE270454/suppl/GSE270454_aso-vs-asm-dmrs.txt.gz', 'ftp://ftp.ncbi.nlm.nih.gov/geo/series/GSE270nnn/GSE270454/suppl/GSE270454_mci-vs-asm-dmrs.txt.gz']",sc-atac-seq,"[{'GSE_Summary': ['ATAC', 'ATAC seq'], 'GSE_Overall_Design': ['ATAC', 'ATAC seq']}]"
GSE270667,['Single-cell sequencing highlights increased atypical AT2 interacting with M1 macrophage in COPD'],,['2024-06-28'],['2024-06-28'],['ftp://ftp.ncbi.nlm.nih.gov/geo/series/GSE270nnn/GSE270667/suppl/GSE270667_RAW.tar'],sc-rna-seq,"[{'GSE_Summary': ['single cell', 'scRNA seq'], 'GSE_Overall_Design': ['single cell', 'scRNA seq'], 'GSE_Title': ['Single cell']}]"
GSE271543,"['UCPVax, a CD4 helper peptide vaccine induces polyfunctional Th1 cells, antibody response and epitope spreading to improve antitumor immunity  [scRNA-seq]']",['40543509'],['2025-08-12'],['2025-05-13'],['ftp://ftp.ncbi.nlm.nih.gov/geo/series/GSE271nnn/GSE271543/suppl/GSE271543_RAW.tar'],sc-rna-seq,"[{'GSE_Summary': ['Single cell'], 'GSE_Overall_Design': ['single cell'], 'GSE_Title': ['scRNA seq']}]"
GSE271545,"['UCPVax, a CD4 helper peptide vaccine induces polyfunctional Th1 cells, antibody response and epitope spreading to improve antitumor immunity  [TCR-seq]']",['40543509'],['2025-08-12'],['2025-05-13'],"['ftp://ftp.ncbi.nlm.nih.gov/geo/series/GSE271nnn/GSE271545/suppl/GSE271545_RAW.tar', 'ftp://ftp.ncbi.nlm.nih.gov/geo/series/GSE271nnn/GSE271545/suppl/GSE271545_README.txt']",sc-rna-seq,[{'GSE_Summary': ['Single cell']}]
GSE273109,['Hair follicle stem cell fate supports distinct clinical endotypes in Hidradenitis Suppurativa'],,['2025-06-03'],['2025-06-02'],['ftp://ftp.ncbi.nlm.nih.gov/geo/series/GSE273nnn/GSE273109/suppl/GSE273109_RAW.tar'],sc-rna-seq,"[{'GSE_Summary': ['single cell', 'scRNA Seq'], 'GSE_Overall_Design': ['single cell']}]"
GSE273194,"[""Cell-type-resolved chromatin accessibility in the human intestine identifies complex regulatory programs and clarifies genetic associations in Crohn's disease""]",['39837850'],['2025-02-18'],['2024-12-16'],['ftp://ftp.ncbi.nlm.nih.gov/geo/series/GSE273nnn/GSE273194/suppl/GSE273194_RAW.tar'],sc-atac-seq,"[{'GSE_Overall_Design': ['scATAC', 'ATAC', 'ATAC seq']}]"
GSE273373,['Mycobacterium tuberculosis resisters despite HIV exhibit activated T cells and macrophages in their pulmonary alveoli [scRNA-seq]'],['39836471'],['2025-02-10'],['2025-02-09'],['ftp://ftp.ncbi.nlm.nih.gov/geo/series/GSE273nnn/GSE273373/suppl/GSE273373_RAW.tar'],sc-rna-seq,"[{'GSE_Summary': ['single cell'], 'GSE_Overall_Design': ['Single cell', 'scRNA seq'], 'GSE_Title': ['scRNA seq']}]"
GSE276610,['Effect of cigarette smoking on human tracheal epithelium'],,['2025-05-01'],['2025-05-01'],['ftp://ftp.ncbi.nlm.nih.gov/geo/series/GSE276nnn/GSE276610/suppl/GSE276610_RAW.tar'],sc-rna-seq,"[{'GSE_Summary': ['single cell', 'scRNA seq'], 'GSE_Overall_Design': ['scRNAseq']}]"
GSE277430,['INFLAMMATION-INDUCED SENESCENT-LIKE GLIA REWIRE CELLULAR NETWORKS IN MULTIPLE SCLEROSIS [snRNAseq Brain]'],,['2025-07-31'],['2025-07-31'],"['ftp://ftp.ncbi.nlm.nih.gov/geo/series/GSE277nnn/GSE277430/suppl/GSE277430_metadata_GEOsubmission.tsv.gz', 'ftp://ftp.ncbi.nlm.nih.gov/geo/series/GSE277nnn/GSE277430/suppl/GSE277430_normCount_GEOsubmission.rds.gz']",sc-rna-seq,[{'GSE_Summary': ['Single cell']}]
GSE277435,['INFLAMMATION-INDUCED SENESCENT-LIKE GLIA REWIRE CELLULAR NETWORKS IN MULTIPLE SCLEROSIS [Spatial transcriptomic]'],,['2025-08-01'],['2025-07-31'],['ftp://ftp.ncbi.nlm.nih.gov/geo/series/GSE277nnn/GSE277435/suppl/GSE277435_RAW.tar'],sc-rna-seq,[{'GSE_Summary': ['Single cell']}]
GSE277742,['Immune Landscape of Intrathoracic Lymph Nodes with Metastasis in Primary Lung Malignancy using EBUS-TBNA samples'],,['2025-03-07'],['2025-03-06'],['ftp://ftp.ncbi.nlm.nih.gov/geo/series/GSE277nnn/GSE277742/suppl/GSE277742_RAW.tar'],sc-rna-seq,[{'GSE_Summary': ['single cell']}]
GSE278456,['Distinct Myeloid Derived Suppressor Cell Populations in Human Glioblastoma'],['39818911'],['2025-01-24'],['2025-01-23'],"['ftp://ftp.ncbi.nlm.nih.gov/geo/series/GSE278nnn/GSE278456/suppl/GSE278456_MyeloidSeurat.RDS.gz', 'ftp://ftp.ncbi.nlm.nih.gov/geo/series/GSE278nnn/GSE278456/suppl/GSE278456_RAW.tar', 'ftp://ftp.ncbi.nlm.nih.gov/geo/series/GSE278nnn/GSE278456/suppl/GSE278456_TumorSeurat.RDS.gz']",sc-rna-seq,[{'GSE_Summary': ['single cell']}]
GSE278793,['Single-cell RNA sequencing of breast cancer cells from fresh fixed (FF) and formalin-fixed paraffin-embedded (FFPE) tissue identified multi-ciliary cells'],['39936988'],['2025-02-20'],['2025-02-19'],['ftp://ftp.ncbi.nlm.nih.gov/geo/series/GSE278nnn/GSE278793/suppl/GSE278793_RAW.tar'],sc-rna-seq,"[{'GSE_Summary': ['single cell', 'scRNAseq'], 'GSE_Overall_Design': ['single cell', 'scRNAseq'], 'GSE_Title': ['Single cell']}]"
GSE279805,['Pancreatic neuroendocrine tumor: case report of a patient with germline FANCD2 mutation and tumor analysis using single-cell RNA sequencing'],['39768544'],['2025-02-14'],['2024-12-14'],['ftp://ftp.ncbi.nlm.nih.gov/geo/series/GSE279nnn/GSE279805/suppl/GSE279805_RAW.tar'],sc-rna-seq,"[{'GSE_Overall_Design': ['single cell'], 'GSE_Title': ['single cell']}]"
GSE279945,['OP3: single-cell multimodal dataset in PBMCs for perturbation prediction benchmarking'],,['2024-11-14'],['2024-10-22'],"['ftp://ftp.ncbi.nlm.nih.gov/geo/series/GSE279nnn/GSE279945/suppl/GSE279945_multiome_counts_processed.h5ad', 'ftp://ftp.ncbi.nlm.nih.gov/geo/series/GSE279nnn/GSE279945/suppl/GSE279945_sc_counts_processed.h5ad']","sc-rna-seq,sc-atac-seq","[{'GSE_Summary': ['single cell'], 'GSE_Title': ['single cell'], 'GSE_Overall_Design': ['scRNA seq']}, {'GSE_Overall_Design': ['scATAC', 'ATAC', 'ATAC seq']}]"
GSE281740,['single-cell RNA-sequence data of clinical small cell lung cancer samples'],,['2025-04-13'],['2025-04-13'],['ftp://ftp.ncbi.nlm.nih.gov/geo/series/GSE281nnn/GSE281740/suppl/GSE281740_sclc_cellranger.csv.gz'],sc-rna-seq,"[{'GSE_Overall_Design': ['single cell'], 'GSE_Title': ['single cell']}]"
GSE282425,['SenPred: A single-cell RNA sequencing-based machine learning pipeline to classify deeply senescent dermal fibroblast cells for the detection of an in vivo senescent cell burden'],['39810225'],['2025-02-03'],['2024-12-05'],"['ftp://ftp.ncbi.nlm.nih.gov/geo/series/GSE282nnn/GSE282425/suppl/GSE282425_barcodes.tsv.gz', 'ftp://ftp.ncbi.nlm.nih.gov/geo/series/GSE282nnn/GSE282425/suppl/GSE282425_features.tsv.gz', 'ftp://ftp.ncbi.nlm.nih.gov/geo/series/GSE282nnn/GSE282425/suppl/GSE282425_matrix.mtx.gz']",sc-rna-seq,"[{'GSE_Summary': ['single cell', 'scRNA seq'], 'GSE_Title': ['single cell'], 'GSE_Overall_Design': ['scRNA seq']}]"
GSE282769,['Remodeling of the chromatin landscape in peripheral blood cells in patients with severe Delta COVID-19'],['39712003'],['2025-01-31'],['2024-11-26'],['ftp://ftp.ncbi.nlm.nih.gov/geo/series/GSE282nnn/GSE282769/suppl/GSE282769_RAW.tar'],sc-atac-seq,"[{'GSE_Overall_Design': ['scATACseq', 'scATAC', 'ATAC', 'ATACseq'], 'GSE_Summary': ['scATAC', 'ATAC', 'ATAC seq']}]"
GSE283471,['The core cellular network modulates immune phenotype switching in hepatitis B'],,['2024-12-11'],['2024-12-05'],['ftp://ftp.ncbi.nlm.nih.gov/geo/series/GSE283nnn/GSE283471/suppl/GSE283471_RAW.tar'],sc-rna-seq,"[{'GSE_Summary': ['single cell', 'scRNA seq'], 'GSE_Overall_Design': ['single cell', 'scRNA seq']}]"
GSE285457,['Long-term maintenanance of patient-specific characteristics in tumoroids from six cancer indications'],['39890889'],['2025-02-24'],['2025-01-31'],['ftp://ftp.ncbi.nlm.nih.gov/geo/series/GSE285nnn/GSE285457/suppl/GSE285457_RAW.tar'],sc-rna-seq,"[{'GSE_Summary': ['single cell', 'single cells'], 'GSE_Overall_Design': ['single cell']}]"
GSE285701,['The paradoxical significance of CD39+CD8+ T cells in clear cell renal cell carcinoma [scRNA-seq]'],,['2025-07-23'],['2025-07-23'],"['ftp://ftp.ncbi.nlm.nih.gov/geo/series/GSE285nnn/GSE285701/suppl/GSE285701_single_cell_adt_data.txt.gz', 'ftp://ftp.ncbi.nlm.nih.gov/geo/series/GSE285nnn/GSE285701/suppl/GSE285701_single_cell_rna_data.txt.gz', 'ftp://ftp.ncbi.nlm.nih.gov/geo/series/GSE285nnn/GSE285701/suppl/GSE285701_single_cell_tcr_info.txt.gz']",sc-rna-seq,"[{'GSE_Summary': ['Single cell'], 'GSE_Overall_Design': ['single cell', 'Single Cell'], 'GSE_URL': ['single cell'], 'GSE_Title': ['scRNA seq']}]"
GSE285847,['Deep learning imputes DNA methylation states in single cells and enhances the detection of epigenetic alterations in schizophrenia'],,['2025-01-08'],['2025-01-08'],"['ftp://ftp.ncbi.nlm.nih.gov/geo/series/GSE285nnn/GSE285847/suppl/GSE285847_CELL_TABLE.csv.gz', 'ftp://ftp.ncbi.nlm.nih.gov/geo/series/GSE285nnn/GSE285847/suppl/GSE285847_RAW.tar']",sc-rna-seq,"[{'GSE_Summary': ['single cell', 'Single cell', 'single cells'], 'GSE_Title': ['single cell', 'single cells']}]"
GSE286321,['Single-cell transcriptomic based heterogeneity of adipose-derived regenerative cells is independent of gender and BMI'],['40038777'],['2025-03-13'],['2025-03-12'],['ftp://ftp.ncbi.nlm.nih.gov/geo/series/GSE286nnn/GSE286321/suppl/GSE286321_RAW.tar'],sc-rna-seq,"[{'GSE_Summary': ['single cell'], 'GSE_Overall_Design': ['Single cell'], 'GSE_Title': ['Single cell']}]"
GSE286415,['Spatial multi-omics defines a shared glioblastoma infiltrative signature at the resection margin [snATAC-seq]'],['40759029'],['2025-08-13'],['2025-07-14'],"['ftp://ftp.ncbi.nlm.nih.gov/geo/series/GSE286nnn/GSE286415/suppl/GSE286415_ConfidentSamples_Metadata_snATAcseq.csv.gz', 'ftp://ftp.ncbi.nlm.nih.gov/geo/series/GSE286nnn/GSE286415/suppl/GSE286415_ConfidentSamples_UMAP_embeddings_nATACseq.csv.gz', 'ftp://ftp.ncbi.nlm.nih.gov/geo/series/GSE286nnn/GSE286415/suppl/GSE286415_RAW.tar', 'ftp://ftp.ncbi.nlm.nih.gov/geo/series/GSE286nnn/GSE286415/suppl/GSE286415_allGBM_Metadata_snATACseq.csv.gz', 'ftp://ftp.ncbi.nlm.nih.gov/geo/series/GSE286nnn/GSE286415/suppl/GSE286415_allGBM_UMAP_embeddings_snATACseq.csv.gz']",sc-atac-seq,"[{'GSE_Summary': ['ATAC', 'ATAC seq'], 'GSE_Title': ['ATAC', 'ATAC seq'], 'GSE_URL': ['ATAc', 'ATAcseq']}]"
GSE286419,['Spatial multi-omics defines a shared glioblastoma infiltrative signature at the resection margin [RNA-seq]'],['40759029'],['2025-08-13'],['2025-07-14'],"['ftp://ftp.ncbi.nlm.nih.gov/geo/series/GSE286nnn/GSE286419/suppl/GSE286419_AvgExpression_GSE286419_ConfidentSamples.csv.gz', 'ftp://ftp.ncbi.nlm.nih.gov/geo/series/GSE286nnn/GSE286419/suppl/GSE286419_AvgExpression_GSE286419_allGBM.csv.gz', 'ftp://ftp.ncbi.nlm.nih.gov/geo/series/GSE286nnn/GSE286419/suppl/GSE286419_ConfidentSamples_Seuratmetadata_celltype_region.csv.gz', 'ftp://ftp.ncbi.nlm.nih.gov/geo/series/GSE286nnn/GSE286419/suppl/GSE286419_ConfidentSamples_UMAP_embeddings.csv.gz', 'ftp://ftp.ncbi.nlm.nih.gov/geo/series/GSE286nnn/GSE286419/suppl/GSE286419_RAW.tar', 'ftp://ftp.ncbi.nlm.nih.gov/geo/series/GSE286nnn/GSE286419/suppl/GSE286419_allGBM_Seuratmetadata_celltype_region.csv.gz', 'ftp://ftp.ncbi.nlm.nih.gov/geo/series/GSE286nnn/GSE286419/suppl/GSE286419_allGBM_UMAP_embeddings.csv.gz']",sc-atac-seq,"[{'GSE_Summary': ['ATAC', 'ATAC seq']}]"
GSE290141,['Immune Evasion Mechanisms in Early Stage-I High-Grade Serous Ovarian Carcinoma: Insights into Regulatory T-Cell Dynamics'],,['2025-03-24'],['2025-03-24'],['ftp://ftp.ncbi.nlm.nih.gov/geo/series/GSE290nnn/GSE290141/suppl/GSE290141_RAW.tar'],sc-rna-seq,"[{'GSE_Summary': ['single cell'], 'GSE_Overall_Design': ['scRNA seq']}]"
GSE290359,['Differential Cellular Mechanisms Underlie Language and Executive Decline in Amyotrophic Lateral Sclerosis'],,['2025-03-03'],['2025-03-01'],"['ftp://ftp.ncbi.nlm.nih.gov/geo/series/GSE290nnn/GSE290359/suppl/GSE290359_BA44_BA46_ATAC_COUNTS.h5ad', 'ftp://ftp.ncbi.nlm.nih.gov/geo/series/GSE290nnn/GSE290359/suppl/GSE290359_BA44_BA46_COUNTS.h5ad', 'ftp://ftp.ncbi.nlm.nih.gov/geo/series/GSE290nnn/GSE290359/suppl/GSE290359_RAW.tar', 'ftp://ftp.ncbi.nlm.nih.gov/geo/series/GSE290nnn/GSE290359/suppl/GSE290359_aggr.csv.gz', 'ftp://ftp.ncbi.nlm.nih.gov/geo/series/GSE290nnn/GSE290359/suppl/GSE290359_filtered_feature_bc_matrix.h5']","sc-rna-seq,sc-atac-seq","[{'GSE_Overall_Design': ['Single cell']}, {'GSE_Overall_Design': ['ATAC'], 'GSE_URL': ['ATAC']}]"
GSE290921,['CD4+ tissue resident memory Th17 cells drive IL-17A-mediated joint pathology in Spondyloarthritis'],,['2025-05-29'],['2025-05-29'],['ftp://ftp.ncbi.nlm.nih.gov/geo/series/GSE290nnn/GSE290921/suppl/GSE290921_Cartography_PsA_RA_T_NK_tissue_seurat_object_rna.qs.gz'],sc-rna-seq,"[{'GSE_Summary': ['single cell'], 'GSE_Overall_Design': ['single cell']}]"
GSE290927,"['Gene expression profile at single cell level of human laryngeal normal, preneoplastic and tumorigenic states']",['40407728'],['2025-08-06'],['2025-05-10'],['ftp://ftp.ncbi.nlm.nih.gov/geo/series/GSE290nnn/GSE290927/suppl/GSE290927_RAW.tar'],sc-rna-seq,"[{'GSE_Summary': ['single cell'], 'GSE_Overall_Design': ['single cell'], 'GSE_Title': ['single cell']}]"
GSE291055,['PBMC single-cell transcriptome discriminates systemic immune changes associated with metastasis'],,['2025-03-08'],['2025-03-08'],['ftp://ftp.ncbi.nlm.nih.gov/geo/series/GSE291nnn/GSE291055/suppl/GSE291055_RAW.tar'],sc-rna-seq,"[{'GSE_Summary': ['single cell'], 'GSE_Overall_Design': ['single cell'], 'GSE_Title': ['single cell']}]"
GSE294224,['A dendritic cell-like transition of T cells is associated with spontaneous remission of adult T-cell leukemia-lymphoma'],,['2025-04-17'],['2025-04-16'],['ftp://ftp.ncbi.nlm.nih.gov/geo/series/GSE294nnn/GSE294224/suppl/GSE294224_RAW.tar'],sc-rna-seq,"[{'GSE_Summary': ['Single cell'], 'GSE_Overall_Design': ['single cell', 'Single Cell', 'scRNA seq']}]"
GSE296117,['A single-cell RNA-seq dataset of synovial fluid from rheumatoid arthritis treated with TNF-α/JAK inhibitor'],['40494845'],['2025-06-25'],['2025-05-06'],['ftp://ftp.ncbi.nlm.nih.gov/geo/series/GSE296nnn/GSE296117/suppl/GSE296117_RA_geo.rds'],sc-rna-seq,"[{'GSE_Summary': ['single cell', 'scRNA seq'], 'GSE_Overall_Design': ['single cell'], 'GSE_Title': ['single cell']}]"
GSE296669,['Identification of human macrophage tissue signatures at homeostasis and during polarization'],['40501660'],['2025-06-25'],['2025-06-25'],"['ftp://ftp.ncbi.nlm.nih.gov/geo/series/GSE296nnn/GSE296669/suppl/GSE296669_D667_D674_D681.merged.adt.matrix.txt.gz', 'ftp://ftp.ncbi.nlm.nih.gov/geo/series/GSE296nnn/GSE296669/suppl/GSE296669_D667_D674_D681.merged.gex.matrix.txt.gz', 'ftp://ftp.ncbi.nlm.nih.gov/geo/series/GSE296nnn/GSE296669/suppl/GSE296669_feature_reference.csv.gz']",sc-rna-seq,[{'GSE_Summary': ['single cell']}]
GSE297547,['Single-cell RNA sequencing of PBMCs from patients with myasthenia gravis and healthy controls'],,['2025-07-01'],['2025-07-01'],['ftp://ftp.ncbi.nlm.nih.gov/geo/series/GSE297nnn/GSE297547/suppl/GSE297547_RAW.tar'],sc-rna-seq,"[{'GSE_Summary': ['single cell'], 'GSE_Title': ['Single cell'], 'GSE_Overall_Design': ['scRNA seq']}]"
GSE299529,['scRNA-seq reveals persistent aberrant differentiation of nasal epithelium driven by TNFα and TGFβ in post-COVID syndrome'],,['2025-06-16'],['2025-06-16'],['ftp://ftp.ncbi.nlm.nih.gov/geo/series/GSE299nnn/GSE299529/suppl/GSE299529_ALI_seu.rds'],sc-rna-seq,"[{'GSE_Summary': ['single cell', 'Single cell'], 'GSE_Overall_Design': ['single cell'], 'GSE_Title': ['scRNA seq']}]"
GSE303859,['Profibrotic monocyte-derived alveolar macrophages as a biomarker and therapeutic target in systemic sclerosis-associated interstitial lung disease [Northwestern]'],,['2025-07-31'],['2025-07-31'],['ftp://ftp.ncbi.nlm.nih.gov/geo/series/GSE303nnn/GSE303859/suppl/GSE303859_RAW.tar'],sc-rna-seq,"[{'GSE_Summary': ['single cell'], 'GSE_Overall_Design': ['Single cell']}]"
GSE304620,['Efferocytic remodeling of pancreatic intra-islet macrophages by limited beta-cell death [scRNASeq_human]'],,['2025-08-11'],['2025-08-09'],['ftp://ftp.ncbi.nlm.nih.gov/geo/series/GSE304nnn/GSE304620/suppl/GSE304620_RAW.tar'],sc-rna-seq,[{'GSE_Title': ['scRNASeq']}]
